{"mean": [7.966922467135997, 8.156630771616895, 7.923020906084389, 4.907994528371051, 5.665473206280396, 5.8660143134644995, 4.88857231989456, 2.997920660017366], "std": [3.3717411810736304, 4.4943107387458925, 4.457058258119098, 4.135888560262129, 3.751497672276249, 3.2677490275717105, 2.8018547415606236, 2.3242783314948645], "n_files": 3}